{"MDP": {"episodes": [21, 51, 27, 41, 89, 27, 24, 24, 25, 32], "scores": [118.65900000000002, 126.22, 51.77185711800001, 141.8, 94.94938000000002, 99.28820000000002, 169.0, 122.09800000000001, 106.57820000000002, 84.73296680000001]}, "Q-Learning": {"alpha_0.1_epsilon_0.1": {"episodes": [2841, 2433, 2570, 1398, 2748, 3361, 3393, 2709, 2186, 1963], "scores": [97.06885200000002, 141.8, 65.74947300000002, 141.8, 108.28820000000002, 141.8, 113.94920000000002, 77.65938000000001, 62.73632410800001, 55.08057939620003]}, "alpha_0.1_epsilon_0.3": {"episodes": [1897, 1789, 1825, 1838, 1983, 1825, 1826, 1873, 1984, 2782], "scores": [168.0, 107.22, 118.12, 117.55920000000002, 67.48409780000001, 141.8, 60.85949821800001, 141.8, 149.9, 73.64058802000002]}, "alpha_0.1_epsilon_0.5": {"episodes": [1260, 1147, 1153, 2753, 1207, 1155, 1219, 1172, 1232, 1168], "scores": [99.28820000000002, 168.0, 120.19800000000001, 101.51038000000001, 135.22, 62.51865702000003, 132.8, 99.41047300000002, 199.0, 69.91964151900001]}, "alpha_0.1_epsilon_0.7": {"episodes": [1016, 1055, 991, 992, 949, 1038, 1091, 965, 1066, 2148], "scores": [99.53479000000002, 120.19800000000001, 199.0, 77.09344200000002, 111.07379000000002, 122.13920000000002, 95.75938000000002, 123.51, 112.09800000000001, 88.87147300000002]}, "alpha_0.1_epsilon_0.9": {"episodes": [999, 1079, 1219, 1016, 1220, 1185, 1252, 1148, 2962, 2805], "scores": [105.19310000000002, 100.09834200000003, 79.94999780000002, 128.65900000000002, 101.97379000000001, 62.54984802848002, 67.05211921800002, 53.53369169720003, 178.0, 60.823691697200026]}, "alpha_0.3_epsilon_0.1": {"episodes": [1642, 743, 934, 1479, 1604, 1402, 1418, 988, 1167, 1178], "scores": [93.38344200000003, 159.0, 149.9, 70.36938, 178.0, 78.53329492000003, 178.0, 106.57820000000002, 88.46938000000002, 93.56428000000001]}, "alpha_0.3_epsilon_0.3": {"episodes": [655, 624, 689, 616, 682, 670, 654, 622, 1041, 682], "scores": [94.269, 150.8, 96.65938000000001, 141.8, 159.0, 120.19800000000001, 107.43741100000003, 125.94900000000001, 178.0, 126.22]}, "alpha_0.3_epsilon_0.5": {"episodes": [420, 438, 431, 483, 1054, 394, 429, 411, 405, 443], "scores": [96.84920000000002, 47.90469954511202, 112.94920000000002, 76.96239470000002, 150.8, 121.82700000000001, 122.09800000000001, 99.28820000000002, 67.48409780000001, 60.07965702000003]}, "alpha_0.3_epsilon_0.7": {"episodes": [367, 358, 337, 340, 1118, 351, 338, 364, 361, 371], "scores": [67.03542592000002, 98.28820000000002, 112.09800000000001, 159.0, 64.43101592000002, 134.41, 95.46089291000003, 87.23999780000001, 199.0, 159.0]}, "alpha_0.3_epsilon_0.9": {"episodes": [328, 375, 338, 341, 393, 1403, 374, 374, 420, 353], "scores": [136.22, 56.877066800000016, 178.0, 99.50785200000003, 120.19800000000001, 178.0, 151.8, 83.65444200000002, 72.09838000000002, 101.99820000000001]}, "alpha_0.5_epsilon_0.1": {"episodes": [655, 750, 790, 908, 744, 474, 752, 660, 1028, 885], "scores": [149.9, 109.28820000000002, 64.08622880000001, 178.0, 100.12528000000002, 76.71355702000002, 97.31275200000003, 45.263938296200024, 87.19082100000003, 126.75900000000001]}, "alpha_0.5_epsilon_0.3": {"episodes": [360, 428, 403, 399, 381, 398, 357, 402, 394, 640], "scores": [85.70243401000003, 199.0, 99.28820000000002, 63.740588020000025, 54.88032252748002, 102.56428000000001, 149.9, 120.19800000000001, 159.0, 99.28820000000002]}, "alpha_0.5_epsilon_0.5": {"episodes": [283, 255, 260, 266, 261, 274, 249, 261, 265, 293], "scores": [119.38800000000002, 118.65900000000002, 124.84920000000002, 82.31047300000003, 70.92309780000002, 67.48409780000001, 90.28820000000002, 77.14019780000001, 134.32, 136.22]}, "alpha_0.5_epsilon_0.7": {"episodes": [222, 232, 215, 224, 228, 193, 414, 220, 202, 207], "scores": [91.48344200000003, 69.55938, 150.8, 91.99820000000001, 72.99834200000002, 72.26706680000001, 119.85410000000002, 113.29310000000002, 112.48310000000002, 71.78876990000002]}, "alpha_0.5_epsilon_0.9": {"episodes": [225, 232, 205, 237, 268, 213, 240, 205, 229, 228], "scores": [99.28820000000002, 99.63251100000002, 178.0, 130.198, 77.69366990000002, 136.22, 108.04430000000002, 199.0, 108.28820000000002, 51.75566069720003]}, "alpha_0.7_epsilon_0.1": {"episodes": [615, 614, 544, 544, 505, 562, 508, 428, 531, 495], "scores": [151.61, 159.0, 178.0, 133.51, 77.09344200000002, 96.00310000000002, 136.22, 84.77409780000002, 178.0, 159.0]}, "alpha_0.7_epsilon_0.3": {"episodes": [297, 263, 272, 259, 254, 258, 263, 260, 244, 277], "scores": [75.15211921800001, 126.22, 121.09800000000001, 159.0, 108.28820000000002, 79.28854200000002, 126.22, 141.8, 111.51038000000001, 48.26887629620003]}, "alpha_0.7_epsilon_0.5": {"episodes": [237, 151, 156, 183, 178, 159, 188, 166, 625, 164], "scores": [90.94444200000002, 82.14509780000002, 0, 72.79850780000001, 141.8, 112.09800000000001, 178.0, 112.09800000000001, 150.8, 87.65938000000001]}, "alpha_0.7_epsilon_0.7": {"episodes": [152, 129, 126, 151, 134, 143, 127, 137, 151, 143], "scores": [91.99834200000002, 169.0, 78.70340780000002, 105.537, 169.0, 125.94900000000001, 112.09800000000001, 93.46444200000002, 141.8, 55.08057939620003]}, "alpha_0.7_epsilon_0.9": {"episodes": [129, 154, 141, 158, 158, 160, 166, 136, 151, 151], "scores": [100.12528000000002, 159.0, 116.22, 0, 97.65938000000001, 96.53741100000002, 169.0, 84.38344200000003, 80.09838000000002, 178.0]}, "alpha_0.9_epsilon_0.1": {"episodes": [494, 291, 223, 257, 314, 429, 256, 358, 263, 336], "scores": [141.8, 188.0, 108.28820000000002, 112.09800000000001, 108.28820000000002, 61.93842325710003, 66.83568802000002, 150.8, 133.51, 124.67820000000002]}, "alpha_0.9_epsilon_0.3": {"episodes": [163, 167, 173, 150, 170, 213, 150, 160, 181, 164], "scores": [106.57820000000002, 159.0, 87.65938000000001, 96.65938000000001, 199.0, 126.22, 141.8, 70.737529218, 178.0, 85.19344200000003]}, "alpha_0.9_epsilon_0.5": {"episodes": [138, 114, 115, 105, 131, 113, 116, 105, 129, 115], "scores": [80.28820000000002, 50.38120131800001, 52.877591697200025, 87.65938000000001, 81.87641100000002, 56.66701921800001, 143.51, 151.8, 151.8, 136.75900000000001]}, "alpha_0.9_epsilon_0.7": {"episodes": [104, 91, 278, 113, 100, 91, 88, 88, 92, 96], "scores": [77.35477012000003, 72.83370310800001, 178.0, 112.09800000000001, 134.32, 141.8, 188.0, 121.09800000000001, 159.0, 63.16679131800001]}, "alpha_0.9_epsilon_0.9": {"episodes": [133, 98, 86, 95, 86, 108, 107, 95, 101, 208], "scores": [50.71252461900001, 159.0, 159.9, 85.21430291000003, 80.89850780000002, 80.61865702000003, 40.07118551532592, 85.28330000000001, 126.22, 103.09800000000001]}}}